{
	"name": "jquery.mb.containerPlus",
	"title": "jQuery mb.containerPlus",
	"description": "This is a useful plug in to build full featured and fully skinnable containers. The container can be set to draggable, resizable, collapsable and minimizable.",
	"keywords": [
		"window",
		"ajax",
		"container",
		"overlay",
		"ui"
	],
	"version": "3.5.5",
	"author": {
		"name": "Pupunzi (Matteo Bicocchi)",
		"email": "matteo@open-lab.com",
		"url": "http://pupunzi.com"
	},
	"maintainers": [
		{
			"name": "Pupunzi (Matteo Bicocchi)",
			"email": "matteo@open-lab.com",
			"url": "http://pupunzi.open-lab.com"
		}
	],
	"licenses": [
		{
			"type": "MIT",
			"url": "https://github.com/pupunzi/jquery.mb.containerPlus/blob/master/licenses/MIT-LICENSE.txt"
		},
		{
			"type": "GPL",
			"url": "https://github.com/pupunzi/jquery.mb.containerPlus/blob/master/licenses/GPL-LICENSE.txt"
		}
	],
	"bugs": "https://github.com/pupunzi/jquery.mb.containerPlus/issues",
	"homepage": "http://pupunzi.open-lab.com/mb-jquery-components/mb-containerplus/",
	"demo": "http://pupunzi.com/#mb.components/mb.containerPlus/containerPlus.html",
	"docs": "https://github.com/pupunzi/jquery.mb.containerPlus/wiki",
	"download": "http://pupunzi.open-lab.com/mb-jquery-components/mb-containerplus/",
	"dependencies": {
		"jquery": ">=1.8"
	}
}
